,timestamp,open,high,low,close,volume
13466,2025.01.15 10:45:00,1.02978,1.03,1.02944,1.02966,1035
13467,2025.01.15 11:00:00,1.02966,1.03069,1.02962,1.03014,1322
13468,2025.01.15 11:15:00,1.03014,1.0307,1.03002,1.03053,1360
13469,2025.01.15 11:30:00,1.03054,1.0313,1.03053,1.0311,1278
13470,2025.01.15 11:45:00,1.0311,1.03131,1.03081,1.03098,1331
13471,2025.01.15 12:00:00,1.03098,1.03141,1.03083,1.03103,1071
13472,2025.01.15 12:15:00,1.03103,1.03113,1.03049,1.0306,1131
13473,2025.01.15 12:30:00,1.0306,1.03063,1.03009,1.03039,906
13474,2025.01.15 12:45:00,1.03039,1.03095,1.03038,1.03075,909
13475,2025.01.15 13:00:00,1.03075,1.03122,1.03065,1.03121,887
13476,2025.01.15 13:15:00,1.03121,1.03122,1.03054,1.03082,928
13477,2025.01.15 13:30:00,1.03082,1.03084,1.03005,1.03021,1076
13478,2025.01.15 13:45:00,1.03021,1.03039,1.02997,1.03013,1107
13479,2025.01.15 14:00:00,1.03013,1.03065,1.03004,1.03048,1255
13480,2025.01.15 14:15:00,1.03048,1.03059,1.0302,1.03031,1117
13481,2025.01.15 14:30:00,1.03031,1.03054,1.03012,1.0302,1106
13482,2025.01.15 14:45:00,1.0302,1.03028,1.02936,1.03,1407
13483,2025.01.15 15:00:00,1.03,1.03011,1.02963,1.0297,1422
13484,2025.01.15 15:15:00,1.0297,1.03049,1.02967,1.02989,1575
13485,2025.01.15 15:30:00,1.02989,1.03546,1.02978,1.03292,5505
13486,2025.01.15 15:45:00,1.03292,1.03505,1.03274,1.03445,4061
13487,2025.01.15 16:00:00,1.03445,1.03457,1.03285,1.03341,3129
13488,2025.01.15 16:15:00,1.03341,1.03442,1.03294,1.03408,2929
13489,2025.01.15 16:30:00,1.03408,1.03452,1.03286,1.03335,2778
13490,2025.01.15 16:45:00,1.03335,1.03388,1.03252,1.03275,3270
13491,2025.01.15 17:00:00,1.03275,1.03275,1.03101,1.03232,2629
13492,2025.01.15 17:15:00,1.03232,1.03281,1.03178,1.03263,2319
13493,2025.01.15 17:30:00,1.03263,1.0331,1.0314,1.03149,2425
13494,2025.01.15 17:45:00,1.03149,1.03155,1.0299,1.03061,3090
13495,2025.01.15 18:00:00,1.03061,1.03078,1.02894,1.02944,2564
13496,2025.01.15 18:15:00,1.02944,1.02957,1.02863,1.02891,2071
13497,2025.01.15 18:30:00,1.02891,1.02892,1.02586,1.02769,2987
13498,2025.01.15 18:45:00,1.02769,1.02825,1.02747,1.02811,1594
13499,2025.01.15 19:00:00,1.02811,1.0292,1.02809,1.02858,1661
13500,2025.01.15 19:15:00,1.02859,1.02891,1.02827,1.02858,1328
13501,2025.01.15 19:30:00,1.02859,1.02933,1.02845,1.02895,1072
13502,2025.01.15 19:45:00,1.02895,1.02898,1.02825,1.02858,1001
13503,2025.01.15 20:00:00,1.02858,1.029,1.02847,1.02863,1232
13504,2025.01.15 20:15:00,1.02863,1.02923,1.02857,1.02904,917
13505,2025.01.15 20:30:00,1.02905,1.02929,1.02882,1.0292,743
13506,2025.01.15 20:45:00,1.0292,1.02929,1.02901,1.02922,466
13507,2025.01.15 21:00:00,1.02922,1.0293,1.02893,1.02909,509
13508,2025.01.15 21:15:00,1.02909,1.02935,1.02892,1.02926,637
13509,2025.01.15 21:30:00,1.02926,1.02947,1.02897,1.02907,736
13510,2025.01.15 21:45:00,1.02907,1.02942,1.02907,1.02932,651
13511,2025.01.15 22:00:00,1.02932,1.02938,1.02903,1.02927,673
13512,2025.01.15 22:15:00,1.02927,1.02975,1.02926,1.02973,607
13513,2025.01.15 22:30:00,1.02973,1.0299,1.02956,1.02957,561
13514,2025.01.15 22:45:00,1.02958,1.02976,1.02947,1.02959,715
13515,2025.01.15 23:00:00,1.02959,1.02963,1.02936,1.02946,328
13516,2025.01.15 23:15:00,1.02945,1.02948,1.02901,1.02903,197
13517,2025.01.15 23:30:00,1.02902,1.02908,1.02881,1.02892,210
13518,2025.01.15 23:45:00,1.02892,1.02907,1.0289,1.02902,350
13519,2025.01.16 00:00:00,1.02857,1.02892,1.02835,1.02888,260
13520,2025.01.16 00:15:00,1.02893,1.02918,1.02845,1.02905,193
13521,2025.01.16 00:30:00,1.02905,1.02909,1.02904,1.02908,45
13522,2025.01.16 00:45:00,1.02908,1.02928,1.029,1.02913,134
13523,2025.01.16 01:00:00,1.0291,1.02939,1.02898,1.0291,273
13524,2025.01.16 01:15:00,1.02912,1.02943,1.02905,1.02938,312
13525,2025.01.16 01:30:00,1.02939,1.02947,1.02928,1.02943,284
13526,2025.01.16 01:45:00,1.02943,1.02957,1.02935,1.02953,363
13527,2025.01.16 02:00:00,1.02953,1.02963,1.02926,1.02928,442
13528,2025.01.16 02:15:00,1.02928,1.02944,1.02905,1.02944,418
13529,2025.01.16 02:30:00,1.02944,1.02998,1.02944,1.0298,857
13530,2025.01.16 02:45:00,1.0298,1.02996,1.02849,1.02989,1455
13531,2025.01.16 03:00:00,1.02989,1.02995,1.02943,1.02949,970
13532,2025.01.16 03:15:00,1.02949,1.02956,1.02913,1.02927,954
13533,2025.01.16 03:30:00,1.02927,1.02979,1.02927,1.02974,1204
13534,2025.01.16 03:45:00,1.02974,1.02983,1.02878,1.02898,1036
13535,2025.01.16 04:00:00,1.02898,1.02933,1.02878,1.02896,1400
13536,2025.01.16 04:15:00,1.02896,1.02897,1.0285,1.02877,701
13537,2025.01.16 04:30:00,1.02876,1.02922,1.0287,1.02919,621
13538,2025.01.16 04:45:00,1.0292,1.0292,1.02861,1.02871,532
13539,2025.01.16 05:00:00,1.02871,1.02885,1.02855,1.02872,594
13540,2025.01.16 05:15:00,1.02872,1.02875,1.02848,1.02854,427
13541,2025.01.16 05:30:00,1.02854,1.02867,1.02851,1.0286,420
13542,2025.01.16 05:45:00,1.02861,1.0289,1.02849,1.02889,319
13543,2025.01.16 06:00:00,1.02889,1.02938,1.02889,1.02928,390
13544,2025.01.16 06:15:00,1.02929,1.02933,1.02893,1.02894,390
13545,2025.01.16 06:30:00,1.02894,1.0293,1.02856,1.0288,553
13546,2025.01.16 06:45:00,1.02879,1.02886,1.02862,1.02872,294
13547,2025.01.16 07:00:00,1.02872,1.02874,1.02851,1.02851,447
13548,2025.01.16 07:15:00,1.02851,1.02861,1.02836,1.02859,482
13549,2025.01.16 07:30:00,1.02859,1.02859,1.02822,1.02831,567
13550,2025.01.16 07:45:00,1.0283,1.02835,1.02811,1.02826,568
13551,2025.01.16 08:00:00,1.02825,1.0285,1.02824,1.02842,660
13552,2025.01.16 08:15:00,1.02842,1.02893,1.02838,1.02885,639
13553,2025.01.16 08:30:00,1.02885,1.02886,1.02843,1.02856,669
13554,2025.01.16 08:45:00,1.02855,1.02896,1.02845,1.02888,704
13555,2025.01.16 09:00:00,1.02888,1.02983,1.0286,1.02983,1639
13556,2025.01.16 09:15:00,1.02983,1.02994,1.02941,1.02951,1184
13557,2025.01.16 09:30:00,1.02951,1.03015,1.0295,1.02961,1024
13558,2025.01.16 09:45:00,1.0296,1.02991,1.02947,1.02976,1072
13559,2025.01.16 10:00:00,1.02976,1.03002,1.02928,1.02929,1436
13560,2025.01.16 10:15:00,1.02929,1.02989,1.02891,1.0293,1616
13561,2025.01.16 10:30:00,1.0293,1.02966,1.02882,1.02939,1539
13562,2025.01.16 10:45:00,1.02939,1.02969,1.02934,1.02959,1224
13563,2025.01.16 11:00:00,1.02959,1.02973,1.0289,1.0292,1431
13564,2025.01.16 11:15:00,1.0292,1.02989,1.02918,1.02943,1070
13565,2025.01.16 11:30:00,1.02943,1.02962,1.02826,1.02831,1278
13566,2025.01.16 11:45:00,1.02831,1.02875,1.02818,1.02863,1448
13567,2025.01.16 12:00:00,1.02863,1.02906,1.0283,1.02903,957
13568,2025.01.16 12:15:00,1.02903,1.02961,1.02879,1.02922,1033
13569,2025.01.16 12:30:00,1.02922,1.02939,1.02882,1.02889,847
13570,2025.01.16 12:45:00,1.02889,1.02906,1.0285,1.02858,1041
13571,2025.01.16 13:00:00,1.02858,1.02887,1.02841,1.02879,1001
13572,2025.01.16 13:15:00,1.02879,1.02905,1.02861,1.0288,796
13573,2025.01.16 13:30:00,1.0288,1.02897,1.02858,1.02881,893
13574,2025.01.16 13:45:00,1.02881,1.02919,1.02881,1.02902,1037
13575,2025.01.16 14:00:00,1.02902,1.02902,1.02827,1.02829,903
13576,2025.01.16 14:15:00,1.02828,1.02856,1.02723,1.02747,1337
13577,2025.01.16 14:30:00,1.02747,1.02754,1.02643,1.02649,1862
13578,2025.01.16 14:45:00,1.02649,1.0274,1.02647,1.0272,1613
13579,2025.01.16 15:00:00,1.0272,1.02754,1.02678,1.0274,1564
13580,2025.01.16 15:15:00,1.0274,1.02742,1.02617,1.02617,1771
13581,2025.01.16 15:30:00,1.02617,1.0282,1.026,1.02788,3978
13582,2025.01.16 15:45:00,1.02788,1.02852,1.02752,1.02816,2516
13583,2025.01.16 16:00:00,1.02816,1.02816,1.02706,1.0273,1976
13584,2025.01.16 16:15:00,1.0273,1.02768,1.02703,1.02748,1841
13585,2025.01.16 16:30:00,1.02748,1.02773,1.0268,1.02773,2143
13586,2025.01.16 16:45:00,1.02773,1.02839,1.02765,1.02792,1932
13587,2025.01.16 17:00:00,1.02792,1.03042,1.02743,1.0292,3904
13588,2025.01.16 17:15:00,1.0292,1.03043,1.02884,1.02985,3191
13589,2025.01.16 17:30:00,1.02984,1.03057,1.02946,1.03013,2666
13590,2025.01.16 17:45:00,1.03013,1.03022,1.02945,1.03009,2931
13591,2025.01.16 18:00:00,1.03009,1.03115,1.02902,1.02923,2991
13592,2025.01.16 18:15:00,1.02924,1.03025,1.02862,1.02994,3022
13593,2025.01.16 18:30:00,1.02994,1.03115,1.02985,1.03065,2019
13594,2025.01.16 18:45:00,1.03065,1.03084,1.02996,1.03025,2008
13595,2025.01.16 19:00:00,1.03025,1.03063,1.02976,1.03055,1667
13596,2025.01.16 19:15:00,1.03055,1.03151,1.03003,1.03128,2176
13597,2025.01.16 19:30:00,1.03128,1.03136,1.03028,1.0303,1313
13598,2025.01.16 19:45:00,1.0303,1.0303,1.02942,1.02966,1406
13599,2025.01.16 20:00:00,1.02966,1.03027,1.02954,1.03027,905
13600,2025.01.16 20:15:00,1.03028,1.03028,1.02973,1.02981,772
13601,2025.01.16 20:30:00,1.02981,1.02981,1.02937,1.02953,921
13602,2025.01.16 20:45:00,1.02952,1.03007,1.02948,1.03002,789
13603,2025.01.16 21:00:00,1.03002,1.03062,1.02976,1.03053,1111
13604,2025.01.16 21:15:00,1.03054,1.03077,1.03,1.0301,940
13605,2025.01.16 21:30:00,1.0301,1.03054,1.02989,1.03025,660
13606,2025.01.16 21:45:00,1.03026,1.03053,1.02997,1.03018,806
13607,2025.01.16 22:00:00,1.03018,1.03019,1.02975,1.02981,682
13608,2025.01.16 22:15:00,1.02982,1.03017,1.02978,1.03011,535
13609,2025.01.16 22:30:00,1.03013,1.03038,1.02987,1.02994,525
13610,2025.01.16 22:45:00,1.02995,1.03012,1.02972,1.03002,697
13611,2025.01.16 23:00:00,1.03001,1.03002,1.02968,1.0299,380
13612,2025.01.16 23:15:00,1.02991,1.02997,1.02986,1.02996,117
13613,2025.01.16 23:30:00,1.02997,1.03029,1.02997,1.03002,173
13614,2025.01.16 23:45:00,1.03001,1.03037,1.02996,1.03016,495
13615,2025.01.17 00:00:00,1.02955,1.03011,1.02928,1.03001,169
13616,2025.01.17 00:15:00,1.03003,1.03022,1.02991,1.03018,123
13617,2025.01.17 00:30:00,1.03021,1.03024,1.02999,1.03007,117
13618,2025.01.17 00:45:00,1.02989,1.0302,1.02989,1.03012,74
13619,2025.01.17 01:00:00,1.03006,1.03041,1.02999,1.03031,194
13620,2025.01.17 01:15:00,1.03031,1.03045,1.03007,1.03022,167
13621,2025.01.17 01:30:00,1.03022,1.03031,1.03006,1.03012,237
13622,2025.01.17 01:45:00,1.03012,1.03022,1.03008,1.03015,206
13623,2025.01.17 02:00:00,1.03015,1.03019,1.02984,1.02994,374
13624,2025.01.17 02:15:00,1.02993,1.03016,1.02993,1.03008,338
13625,2025.01.17 02:30:00,1.03008,1.03051,1.03008,1.03046,462
13626,2025.01.17 02:45:00,1.03046,1.03066,1.03039,1.03048,839
13627,2025.01.17 03:00:00,1.03048,1.03053,1.03017,1.03039,586
13628,2025.01.17 03:15:00,1.03039,1.03057,1.03024,1.03052,505
13629,2025.01.17 03:30:00,1.03052,1.03075,1.03025,1.03074,616
13630,2025.01.17 03:45:00,1.03074,1.03095,1.03046,1.03052,547
13631,2025.01.17 04:00:00,1.03052,1.03081,1.03038,1.0307,767
13632,2025.01.17 04:15:00,1.03069,1.0309,1.03058,1.0307,455
13633,2025.01.17 04:30:00,1.0307,1.03092,1.03054,1.03063,556
13634,2025.01.17 04:45:00,1.03063,1.03066,1.03032,1.03035,491
13635,2025.01.17 05:00:00,1.03035,1.0305,1.03032,1.03037,469
13636,2025.01.17 05:15:00,1.03036,1.03037,1.03002,1.03017,408
13637,2025.01.17 05:30:00,1.03017,1.03033,1.03014,1.03032,415
13638,2025.01.17 05:45:00,1.03032,1.03034,1.03001,1.03008,312
13639,2025.01.17 06:00:00,1.03008,1.03012,1.02993,1.03004,282
13640,2025.01.17 06:15:00,1.03003,1.03006,1.0298,1.02983,302
13641,2025.01.17 06:30:00,1.02983,1.02986,1.02934,1.02934,409
13642,2025.01.17 06:45:00,1.02934,1.0295,1.02921,1.02939,387
13643,2025.01.17 07:00:00,1.02938,1.02952,1.02933,1.02937,444
13644,2025.01.17 07:15:00,1.02936,1.02943,1.02906,1.0293,395
13645,2025.01.17 07:30:00,1.0293,1.02935,1.02897,1.02897,479
13646,2025.01.17 07:45:00,1.02897,1.02935,1.02876,1.02931,632
13647,2025.01.17 08:00:00,1.02931,1.02939,1.02894,1.02895,525
13648,2025.01.17 08:15:00,1.02895,1.029,1.02853,1.0287,559
13649,2025.01.17 08:30:00,1.0287,1.02898,1.0286,1.02878,587
13650,2025.01.17 08:45:00,1.02878,1.02912,1.02865,1.02903,507
13651,2025.01.17 09:00:00,1.02903,1.02911,1.02829,1.02841,1621
13652,2025.01.17 09:15:00,1.02841,1.02849,1.02802,1.02817,1344
13653,2025.01.17 09:30:00,1.02817,1.02842,1.02777,1.0282,1291
13654,2025.01.17 09:45:00,1.02821,1.02881,1.0282,1.02847,1194
13655,2025.01.17 10:00:00,1.02847,1.0292,1.02847,1.02904,1694
13656,2025.01.17 10:15:00,1.02904,1.02954,1.0289,1.02934,1137
13657,2025.01.17 10:30:00,1.02934,1.02986,1.0293,1.0296,1068
13658,2025.01.17 10:45:00,1.0296,1.02979,1.02921,1.0297,1127
13659,2025.01.17 11:00:00,1.0297,1.0304,1.02962,1.02987,1344
13660,2025.01.17 11:15:00,1.02987,1.03007,1.02945,1.02988,1350
13661,2025.01.17 11:30:00,1.02988,1.03009,1.02921,1.02927,1337
13662,2025.01.17 11:45:00,1.02927,1.02981,1.02894,1.02967,1352
13663,2025.01.17 12:00:00,1.02967,1.03007,1.02965,1.02977,1110
13664,2025.01.17 12:15:00,1.02977,1.03047,1.02974,1.03043,753
13665,2025.01.17 12:30:00,1.03043,1.03048,1.03006,1.03028,830
13666,2025.01.17 12:45:00,1.03028,1.03061,1.03017,1.03038,881
13667,2025.01.17 13:00:00,1.03038,1.03077,1.02988,1.03069,1116
13668,2025.01.17 13:15:00,1.03069,1.03099,1.03051,1.03076,1022
13669,2025.01.17 13:30:00,1.03076,1.03083,1.03006,1.03011,873
13670,2025.01.17 13:45:00,1.0301,1.03049,1.02991,1.03046,1152
13671,2025.01.17 14:00:00,1.03046,1.03065,1.02962,1.03051,1366
13672,2025.01.17 14:15:00,1.03051,1.03052,1.02996,1.03023,940
13673,2025.01.17 14:30:00,1.03023,1.03059,1.02958,1.02958,1315
13674,2025.01.17 14:45:00,1.02958,1.02989,1.02905,1.02931,1542
13675,2025.01.17 15:00:00,1.02931,1.02995,1.0293,1.02969,1548
13676,2025.01.17 15:15:00,1.02969,1.02972,1.02856,1.02865,1706
13677,2025.01.17 15:30:00,1.02865,1.02961,1.0286,1.02953,2271
13678,2025.01.17 15:45:00,1.02953,1.02966,1.02858,1.02903,1585
13679,2025.01.17 16:00:00,1.02903,1.02904,1.02737,1.02744,1520
13680,2025.01.17 16:15:00,1.02744,1.02796,1.02654,1.02792,2745
13681,2025.01.17 16:30:00,1.02792,1.02932,1.02748,1.02845,4001
13682,2025.01.17 16:45:00,1.02845,1.03023,1.02815,1.02986,3346
13683,2025.01.17 17:00:00,1.02986,1.03306,1.02955,1.0324,4026
13684,2025.01.17 17:15:00,1.0324,1.03254,1.03084,1.03145,3127
13685,2025.01.17 17:30:00,1.03145,1.03147,1.02997,1.03064,2443
13686,2025.01.17 17:45:00,1.03064,1.03111,1.02975,1.02992,2564
13687,2025.01.17 18:00:00,1.02992,1.02992,1.02857,1.02906,2193
13688,2025.01.17 18:15:00,1.02906,1.02942,1.02877,1.02939,1728
13689,2025.01.17 18:30:00,1.02939,1.03003,1.02929,1.02987,1445
13690,2025.01.17 18:45:00,1.02988,1.02992,1.02821,1.02864,1476
13691,2025.01.17 19:00:00,1.02864,1.02901,1.02812,1.02882,1445
13692,2025.01.17 19:15:00,1.02883,1.02912,1.02825,1.02838,1257
13693,2025.01.17 19:30:00,1.02838,1.02872,1.0281,1.02824,1211
13694,2025.01.17 19:45:00,1.02823,1.02843,1.02789,1.02808,1032
13695,2025.01.17 20:00:00,1.02808,1.02839,1.02792,1.02835,1025
13696,2025.01.17 20:15:00,1.02836,1.0292,1.02831,1.02847,1044
13697,2025.01.17 20:30:00,1.02847,1.02849,1.02806,1.02837,800
13698,2025.01.17 20:45:00,1.02837,1.02847,1.02801,1.02812,919
13699,2025.01.17 21:00:00,1.02812,1.02842,1.02801,1.02815,832
13700,2025.01.17 21:15:00,1.02815,1.02818,1.02757,1.02779,778
13701,2025.01.17 21:30:00,1.02779,1.02786,1.02727,1.02755,638
13702,2025.01.17 21:45:00,1.02755,1.02778,1.02741,1.02762,930
13703,2025.01.17 22:00:00,1.02762,1.02786,1.02737,1.02746,1070
13704,2025.01.17 22:15:00,1.02746,1.02798,1.02737,1.02792,957
13705,2025.01.17 22:30:00,1.02792,1.02815,1.02743,1.02772,635
13706,2025.01.17 22:45:00,1.02772,1.02773,1.02741,1.02754,661
13707,2025.01.17 23:00:00,1.02753,1.02753,1.027,1.0271,410
13708,2025.01.17 23:15:00,1.02711,1.02723,1.02691,1.02719,197
13709,2025.01.17 23:30:00,1.02719,1.0273,1.02709,1.02723,207
13710,2025.01.17 23:45:00,1.02724,1.02727,1.02682,1.02692,368
13711,2025.01.20 00:00:00,1.02765,1.0278,1.0276,1.02765,49
13712,2025.01.20 00:15:00,1.02765,1.02773,1.027,1.02703,136
13713,2025.01.20 00:30:00,1.02706,1.02731,1.027,1.0273,202
13714,2025.01.20 00:45:00,1.0273,1.028,1.027,1.0274,210
13715,2025.01.20 01:00:00,1.02737,1.02757,1.02673,1.02711,511
13716,2025.01.20 01:15:00,1.0271,1.0272,1.02662,1.02683,404
13717,2025.01.20 01:30:00,1.02684,1.02754,1.0268,1.0273,392
13718,2025.01.20 01:45:00,1.0273,1.02806,1.02726,1.02804,429
13719,2025.01.20 02:00:00,1.02804,1.02901,1.0278,1.02898,794
13720,2025.01.20 02:15:00,1.02898,1.02899,1.02825,1.0283,689
13721,2025.01.20 02:30:00,1.0283,1.02855,1.02828,1.02845,505
13722,2025.01.20 02:45:00,1.02845,1.02871,1.02841,1.02863,576
13723,2025.01.20 03:00:00,1.02863,1.02863,1.02821,1.02845,671
13724,2025.01.20 03:15:00,1.02845,1.02851,1.02806,1.0282,635
13725,2025.01.20 03:30:00,1.0282,1.02849,1.02793,1.02849,596
13726,2025.01.20 03:45:00,1.02849,1.02927,1.02844,1.02904,1057
13727,2025.01.20 04:00:00,1.02904,1.02913,1.02875,1.02903,776
13728,2025.01.20 04:15:00,1.02903,1.02915,1.02871,1.02877,581
13729,2025.01.20 04:30:00,1.02877,1.02922,1.02874,1.02909,609
13730,2025.01.20 04:45:00,1.02909,1.02914,1.02879,1.0291,584
13731,2025.01.20 05:00:00,1.0291,1.02952,1.02908,1.02946,581
13732,2025.01.20 05:15:00,1.02946,1.02961,1.02943,1.02956,498
13733,2025.01.20 05:30:00,1.02956,1.03005,1.02953,1.02971,755
13734,2025.01.20 05:45:00,1.02972,1.03064,1.02972,1.0306,836
13735,2025.01.20 06:00:00,1.0306,1.03072,1.03033,1.03049,709
13736,2025.01.20 06:15:00,1.0305,1.03058,1.03032,1.03038,439
13737,2025.01.20 06:30:00,1.03038,1.03042,1.03022,1.03028,318
13738,2025.01.20 06:45:00,1.03028,1.03043,1.03018,1.03042,332
13739,2025.01.20 07:00:00,1.03042,1.03053,1.03029,1.03036,482
13740,2025.01.20 07:15:00,1.03036,1.03038,1.03023,1.03031,351
13741,2025.01.20 07:30:00,1.03031,1.03063,1.03024,1.03059,311
13742,2025.01.20 07:45:00,1.03059,1.03064,1.03019,1.03027,443
13743,2025.01.20 08:00:00,1.03027,1.03034,1.02997,1.03018,831
13744,2025.01.20 08:15:00,1.03018,1.03062,1.03003,1.03062,573
13745,2025.01.20 08:30:00,1.03062,1.03079,1.03027,1.0303,526
13746,2025.01.20 08:45:00,1.0303,1.03189,1.03026,1.03107,1000
13747,2025.01.20 09:00:00,1.03107,1.03122,1.03071,1.03082,1178
13748,2025.01.20 09:15:00,1.03082,1.03128,1.03061,1.03103,686
13749,2025.01.20 09:30:00,1.03103,1.03179,1.0308,1.03173,1048
13750,2025.01.20 09:45:00,1.03173,1.03185,1.03116,1.03168,1147
13751,2025.01.20 10:00:00,1.03168,1.03177,1.03114,1.03149,1629
13752,2025.01.20 10:15:00,1.03149,1.03163,1.03071,1.03095,1275
13753,2025.01.20 10:30:00,1.03095,1.03138,1.03071,1.03116,1473
13754,2025.01.20 10:45:00,1.03116,1.03131,1.03075,1.031,1173
13755,2025.01.20 11:00:00,1.031,1.0317,1.03095,1.03138,1579
13756,2025.01.20 11:15:00,1.03138,1.03138,1.03055,1.03092,1204
13757,2025.01.20 11:30:00,1.03092,1.03126,1.03053,1.03095,1354
13758,2025.01.20 11:45:00,1.03095,1.03108,1.03053,1.03063,1266
13759,2025.01.20 12:00:00,1.03063,1.03159,1.03063,1.03147,1232
13760,2025.01.20 12:15:00,1.03147,1.03182,1.03135,1.03163,1064
13761,2025.01.20 12:30:00,1.03163,1.03225,1.03159,1.03181,867
13762,2025.01.20 12:45:00,1.03181,1.03196,1.03125,1.03152,881
13763,2025.01.20 13:00:00,1.03152,1.03234,1.0313,1.03227,1023
13764,2025.01.20 13:15:00,1.03227,1.03249,1.03183,1.03213,894
13765,2025.01.20 13:30:00,1.03213,1.03223,1.03181,1.03223,894
13766,2025.01.20 13:45:00,1.03224,1.03264,1.03213,1.03259,764
13767,2025.01.20 14:00:00,1.03259,1.03264,1.03201,1.03205,812
13768,2025.01.20 14:15:00,1.03205,1.03222,1.03152,1.03153,960
13769,2025.01.20 14:30:00,1.03153,1.03256,1.03152,1.03227,1073
13770,2025.01.20 14:45:00,1.03227,1.03231,1.03181,1.03203,1140
13771,2025.01.20 15:00:00,1.03203,1.03203,1.03152,1.03172,1051
13772,2025.01.20 15:15:00,1.03172,1.03186,1.03123,1.03138,908
13773,2025.01.20 15:30:00,1.03138,1.03985,1.03077,1.03805,7085
13774,2025.01.20 15:45:00,1.03805,1.04001,1.03801,1.03979,4632
13775,2025.01.20 16:00:00,1.03979,1.04046,1.03796,1.039,4017
13776,2025.01.20 16:15:00,1.039,1.04031,1.03891,1.04,2736
13777,2025.01.20 16:30:00,1.04,1.043,1.03871,1.04251,3503
13778,2025.01.20 16:45:00,1.04251,1.04277,1.04077,1.04149,3442
13779,2025.01.20 17:00:00,1.04149,1.04295,1.04085,1.04255,2305
13780,2025.01.20 17:15:00,1.04255,1.04299,1.03988,1.04034,2676
13781,2025.01.20 17:30:00,1.04034,1.04094,1.03882,1.03885,2659
13782,2025.01.20 17:45:00,1.03885,1.04029,1.0385,1.04005,2346
13783,2025.01.20 18:00:00,1.04005,1.04057,1.03909,1.03955,1850
13784,2025.01.20 18:15:00,1.03955,1.0403,1.03906,1.04025,1555
13785,2025.01.20 18:30:00,1.04025,1.04043,1.03963,1.04,976
13786,2025.01.20 18:45:00,1.04,1.04013,1.03968,1.03987,810
13787,2025.01.20 19:00:00,1.03987,1.03987,1.03762,1.03769,1247
13788,2025.01.20 19:15:00,1.03769,1.03846,1.03536,1.03705,2592
13789,2025.01.20 19:30:00,1.03705,1.04023,1.037,1.03901,2274
13790,2025.01.20 19:45:00,1.03901,1.03923,1.03832,1.03858,958
13791,2025.01.20 20:00:00,1.03858,1.0393,1.03849,1.03872,537
13792,2025.01.20 20:15:00,1.03872,1.03896,1.03835,1.03858,424
13793,2025.01.20 20:30:00,1.03859,1.03901,1.03833,1.03886,523
13794,2025.01.20 20:45:00,1.03886,1.03966,1.0385,1.03966,515
13795,2025.01.20 21:00:00,1.03966,1.03998,1.0393,1.03934,515
13796,2025.01.20 21:15:00,1.03935,1.03949,1.03906,1.03945,352
13797,2025.01.20 21:30:00,1.03946,1.04021,1.03942,1.04019,349
13798,2025.01.20 21:45:00,1.0402,1.04232,1.0402,1.04208,1127
13799,2025.01.20 22:00:00,1.04206,1.04344,1.04169,1.04284,951
13800,2025.01.20 22:15:00,1.04285,1.04291,1.04126,1.04145,730
13801,2025.01.20 22:30:00,1.04145,1.04246,1.0412,1.04147,592
13802,2025.01.20 22:45:00,1.04147,1.04172,1.04119,1.04161,452
13803,2025.01.20 23:00:00,1.04161,1.04192,1.04117,1.04191,355
13804,2025.01.20 23:15:00,1.04191,1.04194,1.04137,1.04146,299
13805,2025.01.20 23:30:00,1.04145,1.04149,1.04099,1.04142,347
13806,2025.01.20 23:45:00,1.04142,1.04169,1.04121,1.04167,370
13807,2025.01.21 00:00:00,1.04086,1.04183,1.04054,1.04144,98
13808,2025.01.21 00:15:00,1.04143,1.04144,1.04099,1.04133,76
13809,2025.01.21 00:30:00,1.04133,1.04144,1.04105,1.04133,134
13810,2025.01.21 00:45:00,1.04135,1.04137,1.04071,1.04124,163
13811,2025.01.21 01:00:00,1.04101,1.04255,1.04083,1.04214,581
13812,2025.01.21 01:15:00,1.04214,1.04241,1.04158,1.04184,1109
13813,2025.01.21 01:30:00,1.04183,1.04208,1.04109,1.04207,1096
13814,2025.01.21 01:45:00,1.04207,1.04239,1.04187,1.04211,1113
13815,2025.01.21 02:00:00,1.04211,1.04344,1.04195,1.04276,1683
13816,2025.01.21 02:15:00,1.04276,1.04327,1.04243,1.04286,1611
13817,2025.01.21 02:30:00,1.04286,1.04307,1.04181,1.04224,1901
13818,2025.01.21 02:45:00,1.04224,1.04237,1.03528,1.03625,4920
13819,2025.01.21 03:00:00,1.03625,1.03804,1.03559,1.03705,3948
13820,2025.01.21 03:15:00,1.03705,1.03979,1.03695,1.03844,3403
13821,2025.01.21 03:30:00,1.03844,1.03847,1.03646,1.03647,2449
13822,2025.01.21 03:45:00,1.03647,1.03747,1.03634,1.03702,1693
13823,2025.01.21 04:00:00,1.03702,1.03849,1.03693,1.03778,1712
13824,2025.01.21 04:15:00,1.03779,1.03822,1.03731,1.03816,1502
13825,2025.01.21 04:30:00,1.03816,1.03878,1.03795,1.03862,1465
13826,2025.01.21 04:45:00,1.03862,1.03903,1.03844,1.03875,1100
13827,2025.01.21 05:00:00,1.03875,1.03997,1.03871,1.0399,1343
13828,2025.01.21 05:15:00,1.0399,1.04009,1.03966,1.03968,1179
13829,2025.01.21 05:30:00,1.03968,1.03982,1.03884,1.03902,965
13830,2025.01.21 05:45:00,1.03902,1.03918,1.03854,1.03875,1243
13831,2025.01.21 06:00:00,1.03875,1.03912,1.0385,1.0391,890
13832,2025.01.21 06:15:00,1.0391,1.0399,1.03899,1.03974,684
13833,2025.01.21 06:30:00,1.03974,1.03975,1.03895,1.03906,839
13834,2025.01.21 06:45:00,1.03905,1.03931,1.03892,1.039,719
13835,2025.01.21 07:00:00,1.039,1.03922,1.03872,1.03873,725
13836,2025.01.21 07:15:00,1.03872,1.03881,1.03835,1.03844,690
13837,2025.01.21 07:30:00,1.03844,1.0385,1.03817,1.03824,567
13838,2025.01.21 07:45:00,1.03823,1.03828,1.03776,1.0379,885
13839,2025.01.21 08:00:00,1.0379,1.03801,1.03769,1.03797,941
13840,2025.01.21 08:15:00,1.03797,1.03814,1.03779,1.03794,986
13841,2025.01.21 08:30:00,1.03794,1.03797,1.03697,1.03722,987
13842,2025.01.21 08:45:00,1.03722,1.03724,1.03666,1.03692,1181
13843,2025.01.21 09:00:00,1.03692,1.03767,1.03653,1.03754,1896
13844,2025.01.21 09:15:00,1.03754,1.03785,1.03738,1.03771,1338
13845,2025.01.21 09:30:00,1.03771,1.03861,1.03755,1.03812,1607
13846,2025.01.21 09:45:00,1.03812,1.03823,1.03736,1.03736,1455
13847,2025.01.21 10:00:00,1.03736,1.03736,1.03653,1.03687,1886
13848,2025.01.21 10:15:00,1.03687,1.03716,1.03622,1.03634,1568
13849,2025.01.21 10:30:00,1.03634,1.03684,1.03503,1.03537,1716
13850,2025.01.21 10:45:00,1.03537,1.03652,1.0353,1.03609,1559
13851,2025.01.21 11:00:00,1.03609,1.03637,1.03551,1.03562,1513
13852,2025.01.21 11:15:00,1.03562,1.03637,1.03531,1.03576,1875
13853,2025.01.21 11:30:00,1.03576,1.03577,1.03418,1.03463,2054
13854,2025.01.21 11:45:00,1.03463,1.0355,1.03457,1.03535,1808
13855,2025.01.21 12:00:00,1.03535,1.03553,1.03433,1.03456,1985
13856,2025.01.21 12:15:00,1.03456,1.03559,1.03436,1.03545,1510
13857,2025.01.21 12:30:00,1.03545,1.03594,1.03515,1.03516,1496
13858,2025.01.21 12:45:00,1.03515,1.03546,1.03498,1.03529,1306
13859,2025.01.21 13:00:00,1.03529,1.03546,1.03477,1.03539,1256
13860,2025.01.21 13:15:00,1.03539,1.0354,1.03476,1.03497,1102
13861,2025.01.21 13:30:00,1.03497,1.035,1.03433,1.03483,1156
13862,2025.01.21 13:45:00,1.03483,1.0358,1.03465,1.03532,1654
13863,2025.01.21 14:00:00,1.03532,1.03562,1.0346,1.03478,1807
13864,2025.01.21 14:15:00,1.03478,1.03569,1.03476,1.03562,1729
13865,2025.01.21 14:30:00,1.03562,1.03584,1.0353,1.03554,1195
13866,2025.01.21 14:45:00,1.03554,1.03561,1.03459,1.03541,2226
13867,2025.01.21 15:00:00,1.03541,1.03596,1.03528,1.03595,1849
13868,2025.01.21 15:15:00,1.03595,1.03671,1.03591,1.03628,1602
13869,2025.01.21 15:30:00,1.03628,1.03746,1.03616,1.03722,2127
13870,2025.01.21 15:45:00,1.03722,1.03778,1.03697,1.03777,2033
13871,2025.01.21 16:00:00,1.03777,1.03834,1.03729,1.03833,1947
13872,2025.01.21 16:15:00,1.03833,1.03948,1.03818,1.03937,1808
13873,2025.01.21 16:30:00,1.03937,1.03985,1.0387,1.03953,2665
13874,2025.01.21 16:45:00,1.03953,1.03956,1.03792,1.0387,2985
13875,2025.01.21 17:00:00,1.0387,1.0392,1.03786,1.03896,2927
13876,2025.01.21 17:15:00,1.03896,1.03985,1.03852,1.03945,2616
13877,2025.01.21 17:30:00,1.03945,1.04104,1.03943,1.04027,2688
13878,2025.01.21 17:45:00,1.04027,1.04085,1.03969,1.04008,2854
13879,2025.01.21 18:00:00,1.04008,1.04062,1.03994,1.0402,1955
13880,2025.01.21 18:15:00,1.0402,1.04159,1.03987,1.04157,2170
13881,2025.01.21 18:30:00,1.04157,1.0421,1.04112,1.04186,1939
13882,2025.01.21 18:45:00,1.04186,1.04228,1.04129,1.04224,1595
13883,2025.01.21 19:00:00,1.04224,1.04279,1.04217,1.04235,1502
13884,2025.01.21 19:15:00,1.04235,1.04296,1.04213,1.04283,1196
13885,2025.01.21 19:30:00,1.04283,1.04298,1.04257,1.04265,1016
13886,2025.01.21 19:45:00,1.04265,1.04289,1.04215,1.04215,1249
13887,2025.01.21 20:00:00,1.04215,1.04252,1.04199,1.04228,1163
13888,2025.01.21 20:15:00,1.04228,1.0427,1.0421,1.04264,906
13889,2025.01.21 20:30:00,1.04264,1.04354,1.04244,1.04324,932
13890,2025.01.21 20:45:00,1.04324,1.04343,1.04278,1.04293,735
13891,2025.01.21 21:00:00,1.04293,1.04305,1.04272,1.04279,870
13892,2025.01.21 21:15:00,1.0428,1.04284,1.04214,1.04222,822
13893,2025.01.21 21:30:00,1.04222,1.04224,1.04166,1.04171,797
13894,2025.01.21 21:45:00,1.04172,1.04193,1.0416,1.0418,819
13895,2025.01.21 22:00:00,1.0418,1.04215,1.04159,1.04178,661
13896,2025.01.21 22:15:00,1.04178,1.04191,1.04158,1.04179,530
13897,2025.01.21 22:30:00,1.04178,1.04201,1.04168,1.0419,569
13898,2025.01.21 22:45:00,1.0419,1.04201,1.04161,1.04199,804
13899,2025.01.21 23:00:00,1.04195,1.04247,1.04188,1.04236,501
13900,2025.01.21 23:15:00,1.04236,1.04263,1.04227,1.04252,273
13901,2025.01.21 23:30:00,1.04251,1.0427,1.04251,1.04264,163
13902,2025.01.21 23:45:00,1.04264,1.04298,1.0423,1.04231,374
13903,2025.01.22 00:00:00,1.04209,1.04254,1.04209,1.04231,153
13904,2025.01.22 00:15:00,1.04234,1.04247,1.04229,1.0423,53
13905,2025.01.22 00:30:00,1.0423,1.0432,1.0423,1.04271,196
13906,2025.01.22 00:45:00,1.04271,1.04292,1.04227,1.04255,149
13907,2025.01.22 01:00:00,1.04254,1.04276,1.03959,1.03959,1796
13908,2025.01.22 01:15:00,1.03959,1.04107,1.03923,1.0407,1475
13909,2025.01.22 01:30:00,1.0407,1.04092,1.04032,1.04047,847
13910,2025.01.22 01:45:00,1.04047,1.04124,1.04029,1.04059,839
13911,2025.01.22 02:00:00,1.04059,1.04191,1.04058,1.04174,1141
13912,2025.01.22 02:15:00,1.04174,1.04238,1.04156,1.04189,857
13913,2025.01.22 02:30:00,1.04189,1.04243,1.04188,1.0422,639
13914,2025.01.22 02:45:00,1.0422,1.04246,1.04194,1.04232,923
13915,2025.01.22 03:00:00,1.04232,1.04234,1.04146,1.04173,1178
13916,2025.01.22 03:15:00,1.04173,1.04198,1.04154,1.04169,938
13917,2025.01.22 03:30:00,1.04169,1.04169,1.04125,1.04135,874
13918,2025.01.22 03:45:00,1.04135,1.04145,1.04078,1.04098,763
13919,2025.01.22 04:00:00,1.04098,1.04127,1.04064,1.04125,934
13920,2025.01.22 04:15:00,1.04125,1.04142,1.0409,1.04098,868
13921,2025.01.22 04:30:00,1.04098,1.04135,1.04088,1.04127,644
13922,2025.01.22 04:45:00,1.04127,1.04163,1.04093,1.04136,703
13923,2025.01.22 05:00:00,1.04136,1.04146,1.04111,1.04127,555
13924,2025.01.22 05:15:00,1.04127,1.04143,1.0412,1.04129,391
13925,2025.01.22 05:30:00,1.04129,1.04157,1.04117,1.04138,448
13926,2025.01.22 05:45:00,1.04138,1.04143,1.04102,1.04121,598
13927,2025.01.22 06:00:00,1.04121,1.04172,1.04111,1.0417,499
13928,2025.01.22 06:15:00,1.0417,1.04193,1.04157,1.04192,367
13929,2025.01.22 06:30:00,1.04192,1.04213,1.04177,1.04179,438
13930,2025.01.22 06:45:00,1.04179,1.04208,1.04159,1.04174,454
13931,2025.01.22 07:00:00,1.04174,1.04182,1.04148,1.04153,480
13932,2025.01.22 07:15:00,1.04153,1.04154,1.04085,1.04115,652
13933,2025.01.22 07:30:00,1.04115,1.04139,1.041,1.04114,587
13934,2025.01.22 07:45:00,1.04114,1.04166,1.04113,1.04156,607
13935,2025.01.22 08:00:00,1.04156,1.04185,1.04109,1.0411,822
13936,2025.01.22 08:15:00,1.0411,1.0412,1.04054,1.04113,922
13937,2025.01.22 08:30:00,1.04113,1.04119,1.04028,1.04032,1029
13938,2025.01.22 08:45:00,1.04032,1.0405,1.04002,1.04038,911
13939,2025.01.22 09:00:00,1.04038,1.04136,1.04036,1.04126,1340
13940,2025.01.22 09:15:00,1.04126,1.0417,1.04116,1.04166,1098
13941,2025.01.22 09:30:00,1.04166,1.04198,1.04139,1.04171,1199
13942,2025.01.22 09:45:00,1.04171,1.04176,1.04082,1.0412,1628
13943,2025.01.22 10:00:00,1.0412,1.04162,1.04097,1.04141,2143
13944,2025.01.22 10:15:00,1.04141,1.04202,1.04106,1.04132,2017
13945,2025.01.22 10:30:00,1.04132,1.04232,1.04115,1.04196,2063
13946,2025.01.22 10:45:00,1.04196,1.04241,1.04175,1.04232,1652
13947,2025.01.22 11:00:00,1.04232,1.04277,1.04201,1.04257,1651
13948,2025.01.22 11:15:00,1.04257,1.04346,1.04243,1.04323,1881
13949,2025.01.22 11:30:00,1.04323,1.04375,1.04282,1.0436,1544
13950,2025.01.22 11:45:00,1.0436,1.04473,1.04311,1.04464,1934
13951,2025.01.22 12:00:00,1.04464,1.04525,1.04427,1.0446,1931
13952,2025.01.22 12:15:00,1.0446,1.04554,1.04453,1.04548,1480
13953,2025.01.22 12:30:00,1.04548,1.04573,1.04511,1.04525,1389
13954,2025.01.22 12:45:00,1.04525,1.0454,1.04479,1.04501,1328
13955,2025.01.22 13:00:00,1.04501,1.04562,1.04477,1.04555,1206
13956,2025.01.22 13:15:00,1.04555,1.04564,1.04454,1.04461,1130
13957,2025.01.22 13:30:00,1.04461,1.04477,1.04407,1.0445,1071
13958,2025.01.22 13:45:00,1.0445,1.04461,1.04411,1.04428,895
13959,2025.01.22 14:00:00,1.04428,1.0443,1.04377,1.04415,1225
13960,2025.01.22 14:15:00,1.04415,1.04427,1.04317,1.04321,1119
13961,2025.01.22 14:30:00,1.04321,1.04381,1.04312,1.04361,1209
13962,2025.01.22 14:45:00,1.04361,1.04403,1.04334,1.04381,1500
13963,2025.01.22 15:00:00,1.04381,1.04459,1.04365,1.04436,1386
13964,2025.01.22 15:15:00,1.04436,1.04451,1.04355,1.04357,1542
13965,2025.01.22 15:30:00,1.04357,1.04393,1.04223,1.04284,2148
13966,2025.01.22 15:45:00,1.04284,1.04354,1.04265,1.04317,1882
13967,2025.01.22 16:00:00,1.04317,1.04321,1.04176,1.04188,1815
13968,2025.01.22 16:15:00,1.04188,1.04279,1.04169,1.0421,1765
13969,2025.01.22 16:30:00,1.0421,1.04235,1.04143,1.04186,2601
13970,2025.01.22 16:45:00,1.04186,1.04287,1.04183,1.04249,2098
13971,2025.01.22 17:00:00,1.04249,1.04252,1.04157,1.04202,2100
13972,2025.01.22 17:15:00,1.04202,1.04235,1.04153,1.04164,1709
13973,2025.01.22 17:30:00,1.04164,1.04231,1.04147,1.04175,1998
13974,2025.01.22 17:45:00,1.04174,1.04213,1.04154,1.042,2340
13975,2025.01.22 18:00:00,1.042,1.04228,1.04163,1.04178,1823
13976,2025.01.22 18:15:00,1.04178,1.04186,1.04123,1.04138,1557
13977,2025.01.22 18:30:00,1.04138,1.04217,1.04133,1.04193,1331
13978,2025.01.22 18:45:00,1.04193,1.04223,1.0418,1.04197,1061
13979,2025.01.22 19:00:00,1.04197,1.04205,1.04137,1.0415,1126
13980,2025.01.22 19:15:00,1.0415,1.04162,1.0412,1.04135,1085
13981,2025.01.22 19:30:00,1.04135,1.04194,1.04122,1.04168,995
13982,2025.01.22 19:45:00,1.04167,1.04178,1.04132,1.04171,885
13983,2025.01.22 20:00:00,1.04171,1.04186,1.04119,1.04142,1004
13984,2025.01.22 20:15:00,1.04143,1.04206,1.04137,1.04192,791
13985,2025.01.22 20:30:00,1.04192,1.04209,1.04184,1.04198,674
13986,2025.01.22 20:45:00,1.04198,1.04212,1.04148,1.04163,717
13987,2025.01.22 21:00:00,1.04163,1.04209,1.04157,1.042,838
13988,2025.01.22 21:15:00,1.042,1.04227,1.04191,1.04216,570
13989,2025.01.22 21:30:00,1.04216,1.04228,1.04191,1.04197,616
13990,2025.01.22 21:45:00,1.04197,1.04207,1.04171,1.04201,803
13991,2025.01.22 22:00:00,1.04201,1.04229,1.04177,1.04224,627
13992,2025.01.22 22:15:00,1.04224,1.0423,1.04197,1.04202,596
13993,2025.01.22 22:30:00,1.04203,1.04209,1.04147,1.04148,604
13994,2025.01.22 22:45:00,1.04147,1.04161,1.04113,1.04121,874
13995,2025.01.22 23:00:00,1.04122,1.04131,1.04106,1.04109,339
13996,2025.01.22 23:15:00,1.0411,1.04114,1.04099,1.04106,205
13997,2025.01.22 23:30:00,1.04107,1.04107,1.0408,1.04089,173
13998,2025.01.22 23:45:00,1.04089,1.04105,1.04079,1.04098,448
13999,2025.01.23 00:00:00,1.04094,1.04142,1.04044,1.04072,162
14000,2025.01.23 00:15:00,1.04072,1.04082,1.04044,1.04082,52
14001,2025.01.23 00:30:00,1.04082,1.04112,1.04075,1.04096,82
14002,2025.01.23 00:45:00,1.04096,1.04103,1.04073,1.04073,63
14003,2025.01.23 01:00:00,1.04069,1.04093,1.04057,1.04058,330
14004,2025.01.23 01:15:00,1.04058,1.04091,1.04054,1.04066,331
14005,2025.01.23 01:30:00,1.04067,1.04077,1.04063,1.04077,290
14006,2025.01.23 01:45:00,1.04077,1.04086,1.04063,1.04079,266
14007,2025.01.23 02:00:00,1.04079,1.04114,1.04078,1.04103,620
14008,2025.01.23 02:15:00,1.04103,1.04118,1.04084,1.04088,463
14009,2025.01.23 02:30:00,1.04087,1.04097,1.04069,1.04095,526
14010,2025.01.23 02:45:00,1.04096,1.04106,1.04073,1.04102,629
14011,2025.01.23 03:00:00,1.04102,1.04159,1.04097,1.04147,853
14012,2025.01.23 03:15:00,1.04147,1.04148,1.04083,1.04083,970
14013,2025.01.23 03:30:00,1.04083,1.04127,1.04083,1.04099,1385
14014,2025.01.23 03:45:00,1.04099,1.04101,1.04022,1.04039,1199
14015,2025.01.23 04:00:00,1.04039,1.04045,1.03972,1.04023,1209
14016,2025.01.23 04:15:00,1.04023,1.04062,1.04013,1.04055,706
14017,2025.01.23 04:30:00,1.04055,1.04057,1.04013,1.04037,603
14018,2025.01.23 04:45:00,1.04038,1.04047,1.04015,1.04037,734
14019,2025.01.23 05:00:00,1.04037,1.04063,1.0403,1.04049,607
14020,2025.01.23 05:15:00,1.04049,1.04077,1.04049,1.04068,428
14021,2025.01.23 05:30:00,1.04068,1.04091,1.04059,1.04079,456
14022,2025.01.23 05:45:00,1.04079,1.0409,1.04058,1.04088,447
14023,2025.01.23 06:00:00,1.04089,1.04108,1.04087,1.04095,396
14024,2025.01.23 06:15:00,1.04095,1.04119,1.04092,1.04117,471
14025,2025.01.23 06:30:00,1.04117,1.04128,1.04114,1.04118,618
14026,2025.01.23 06:45:00,1.04119,1.04125,1.04102,1.04111,483
14027,2025.01.23 07:00:00,1.04111,1.04116,1.04055,1.04104,791
14028,2025.01.23 07:15:00,1.04104,1.04107,1.0407,1.04071,547
14029,2025.01.23 07:30:00,1.04071,1.04079,1.04054,1.0406,710
14030,2025.01.23 07:45:00,1.04059,1.04066,1.04043,1.04055,738
14031,2025.01.23 08:00:00,1.04055,1.04102,1.0405,1.0409,702
14032,2025.01.23 08:15:00,1.04089,1.04121,1.04084,1.0412,657
14033,2025.01.23 08:30:00,1.0412,1.0412,1.04067,1.04067,519
14034,2025.01.23 08:45:00,1.04067,1.04076,1.04031,1.04035,755
14035,2025.01.23 09:00:00,1.04035,1.04057,1.03902,1.03964,1877
14036,2025.01.23 09:15:00,1.03964,1.03996,1.03936,1.03959,1569
14037,2025.01.23 09:30:00,1.03959,1.03985,1.03933,1.03958,1016
14038,2025.01.23 09:45:00,1.03957,1.04019,1.03946,1.04001,1328
14039,2025.01.23 10:00:00,1.04001,1.04019,1.0394,1.04006,1529
14040,2025.01.23 10:15:00,1.04006,1.04025,1.03955,1.03958,1301
14041,2025.01.23 10:30:00,1.03958,1.03982,1.03904,1.03931,1469
14042,2025.01.23 10:45:00,1.03931,1.03969,1.03917,1.03941,1025
14043,2025.01.23 11:00:00,1.03941,1.04053,1.03935,1.04031,1180
14044,2025.01.23 11:15:00,1.04031,1.04087,1.0402,1.04044,1457
14045,2025.01.23 11:30:00,1.04044,1.04094,1.04038,1.04077,1416
14046,2025.01.23 11:45:00,1.04077,1.04148,1.04064,1.04117,1342
14047,2025.01.23 12:00:00,1.04117,1.04155,1.04101,1.04145,1302
14048,2025.01.23 12:15:00,1.04145,1.04178,1.04124,1.04178,1065
14049,2025.01.23 12:30:00,1.04178,1.04203,1.04153,1.04192,856
14050,2025.01.23 12:45:00,1.04192,1.04193,1.04113,1.04115,796
14051,2025.01.23 13:00:00,1.04115,1.04137,1.0408,1.04116,1206
14052,2025.01.23 13:15:00,1.04116,1.04134,1.04092,1.04126,988
14053,2025.01.23 13:30:00,1.04127,1.04141,1.04106,1.04109,1024
14054,2025.01.23 13:45:00,1.04109,1.04124,1.04014,1.04034,1426
14055,2025.01.23 14:00:00,1.04034,1.04049,1.03943,1.03972,1589
14056,2025.01.23 14:15:00,1.03972,1.03997,1.03953,1.03993,1166
14057,2025.01.23 14:30:00,1.03994,1.0403,1.03963,1.04005,1123
14058,2025.01.23 14:45:00,1.04005,1.04061,1.03991,1.04035,1259
14059,2025.01.23 15:00:00,1.04035,1.04087,1.03975,1.03984,1728
14060,2025.01.23 15:15:00,1.03984,1.04092,1.03979,1.04048,1533
14061,2025.01.23 15:30:00,1.04048,1.0415,1.04048,1.0409,2519
14062,2025.01.23 15:45:00,1.0409,1.04124,1.04047,1.04107,2017
14063,2025.01.23 16:00:00,1.04107,1.04151,1.04093,1.04129,1837
14064,2025.01.23 16:15:00,1.04129,1.0418,1.04111,1.04118,1655
14065,2025.01.23 16:30:00,1.04118,1.04135,1.04062,1.04084,1676
14066,2025.01.23 16:45:00,1.04084,1.04128,1.0406,1.04088,1798
14067,2025.01.23 17:00:00,1.04088,1.041,1.03982,1.04014,2148
14068,2025.01.23 17:15:00,1.04014,1.04024,1.03871,1.0395,2127
14069,2025.01.23 17:30:00,1.0395,1.03997,1.03932,1.03957,1762
14070,2025.01.23 17:45:00,1.03957,1.03985,1.03895,1.03972,2229
14071,2025.01.23 18:00:00,1.03972,1.04031,1.03717,1.03978,3489
14072,2025.01.23 18:15:00,1.03978,1.04159,1.03966,1.04089,4364
14073,2025.01.23 18:30:00,1.04089,1.04241,1.04035,1.04206,3249
14074,2025.01.23 18:45:00,1.04206,1.04292,1.04129,1.04195,3178
14075,2025.01.23 19:00:00,1.04195,1.04242,1.0414,1.04214,1731
14076,2025.01.23 19:15:00,1.04214,1.04215,1.0415,1.04164,1549
14077,2025.01.23 19:30:00,1.04164,1.04302,1.04163,1.04297,1283
14078,2025.01.23 19:45:00,1.04297,1.0438,1.04291,1.04354,1414
14079,2025.01.23 20:00:00,1.04354,1.04365,1.04317,1.04353,969
14080,2025.01.23 20:15:00,1.04353,1.0437,1.04275,1.04277,1029
14081,2025.01.23 20:30:00,1.04276,1.04287,1.04219,1.0426,1001
14082,2025.01.23 20:45:00,1.04259,1.04278,1.04233,1.04241,855
14083,2025.01.23 21:00:00,1.04241,1.04259,1.04207,1.04212,899
14084,2025.01.23 21:15:00,1.04212,1.04259,1.04201,1.04235,883
14085,2025.01.23 21:30:00,1.04235,1.04267,1.04205,1.04219,873
14086,2025.01.23 21:45:00,1.04218,1.04254,1.04211,1.04229,900
14087,2025.01.23 22:00:00,1.04228,1.04281,1.04189,1.04259,883
14088,2025.01.23 22:15:00,1.04258,1.0429,1.04241,1.04259,664
14089,2025.01.23 22:30:00,1.04259,1.04263,1.04166,1.04177,1026
14090,2025.01.23 22:45:00,1.04176,1.04201,1.04159,1.04176,869
14091,2025.01.23 23:00:00,1.04176,1.04195,1.04138,1.04146,460
14092,2025.01.23 23:15:00,1.04147,1.04179,1.04128,1.04144,332
14093,2025.01.23 23:30:00,1.04147,1.04181,1.04146,1.04159,167
14094,2025.01.23 23:45:00,1.04159,1.04166,1.04147,1.0415,280
14095,2025.01.24 00:00:00,1.04147,1.04159,1.04108,1.04158,54
14096,2025.01.24 00:15:00,1.04158,1.0418,1.0414,1.04159,90
14097,2025.01.24 00:30:00,1.04158,1.04165,1.04158,1.04162,73
14098,2025.01.24 00:45:00,1.04162,1.04165,1.04127,1.0416,134
14099,2025.01.24 01:00:00,1.04158,1.04179,1.04117,1.04149,195
14100,2025.01.24 01:15:00,1.04149,1.04169,1.04148,1.04159,147
14101,2025.01.24 01:30:00,1.04159,1.04169,1.04146,1.04154,167
14102,2025.01.24 01:45:00,1.04154,1.04168,1.04146,1.04158,254
14103,2025.01.24 02:00:00,1.04158,1.04198,1.04136,1.04197,517
14104,2025.01.24 02:15:00,1.04198,1.04199,1.04171,1.04188,462
14105,2025.01.24 02:30:00,1.04188,1.04216,1.04185,1.04216,431
14106,2025.01.24 02:45:00,1.04217,1.04231,1.04172,1.04193,689
14107,2025.01.24 03:00:00,1.04193,1.042,1.04171,1.04194,726
14108,2025.01.24 03:15:00,1.04193,1.04204,1.04168,1.04169,501
14109,2025.01.24 03:30:00,1.04169,1.04174,1.0413,1.04162,640
14110,2025.01.24 03:45:00,1.04162,1.04168,1.04119,1.04158,634
14111,2025.01.24 04:00:00,1.04158,1.04327,1.04158,1.04308,1207
14112,2025.01.24 04:15:00,1.04308,1.04419,1.04299,1.04356,2613
14113,2025.01.24 04:30:00,1.04356,1.04482,1.04346,1.04476,1446
14114,2025.01.24 04:45:00,1.04476,1.04491,1.04453,1.04486,1254
14115,2025.01.24 05:00:00,1.04486,1.04538,1.04444,1.04454,1368
14116,2025.01.24 05:15:00,1.04453,1.04454,1.04367,1.04411,1625
14117,2025.01.24 05:30:00,1.04411,1.04457,1.04386,1.0443,1500
14118,2025.01.24 05:45:00,1.0443,1.045,1.04425,1.04462,1118
14119,2025.01.24 06:00:00,1.04462,1.04501,1.04445,1.04501,901
14120,2025.01.24 06:15:00,1.04501,1.04505,1.04446,1.04487,1088
14121,2025.01.24 06:30:00,1.04487,1.04514,1.04446,1.0445,599
14122,2025.01.24 06:45:00,1.0445,1.04478,1.04436,1.04473,509
14123,2025.01.24 07:00:00,1.04473,1.04539,1.04473,1.04515,576
14124,2025.01.24 07:15:00,1.04515,1.04515,1.0446,1.04461,589
14125,2025.01.24 07:30:00,1.04461,1.04486,1.0444,1.04474,494
14126,2025.01.24 07:45:00,1.04474,1.04513,1.04465,1.04512,632
14127,2025.01.24 08:00:00,1.04512,1.04544,1.04492,1.04525,917
14128,2025.01.24 08:15:00,1.04525,1.04582,1.04514,1.04548,876
14129,2025.01.24 08:30:00,1.04548,1.04703,1.04522,1.04657,1935
14130,2025.01.24 08:45:00,1.04657,1.0468,1.04555,1.04576,1810
14131,2025.01.24 09:00:00,1.04576,1.04585,1.04479,1.0448,2227
14132,2025.01.24 09:15:00,1.0448,1.04577,1.04474,1.04535,1766
14133,2025.01.24 09:30:00,1.04535,1.04552,1.04478,1.0453,1406
14134,2025.01.24 09:45:00,1.04531,1.04649,1.04526,1.0461,1786
14135,2025.01.24 10:00:00,1.0461,1.04843,1.04579,1.04732,2241
14136,2025.01.24 10:15:00,1.04732,1.04885,1.04719,1.04773,2563
14137,2025.01.24 10:30:00,1.04773,1.04939,1.04772,1.04897,2860
14138,2025.01.24 10:45:00,1.04897,1.04952,1.04848,1.04936,2087
14139,2025.01.24 11:00:00,1.04936,1.05002,1.04916,1.04958,2275
14140,2025.01.24 11:15:00,1.04958,1.05151,1.0494,1.05068,2531
14141,2025.01.24 11:30:00,1.05068,1.05092,1.04959,1.0496,1925
14142,2025.01.24 11:45:00,1.0496,1.04966,1.0491,1.04945,1321
14143,2025.01.24 12:00:00,1.04945,1.04978,1.04911,1.04953,1048
14144,2025.01.24 12:15:00,1.04953,1.04968,1.04863,1.04928,1236
14145,2025.01.24 12:30:00,1.04928,1.04949,1.04867,1.04899,1149
14146,2025.01.24 12:45:00,1.04899,1.04909,1.04866,1.04891,957
14147,2025.01.24 13:00:00,1.04891,1.04932,1.04868,1.04907,946
14148,2025.01.24 13:15:00,1.04907,1.04913,1.04874,1.04883,889
14149,2025.01.24 13:30:00,1.04883,1.04884,1.04813,1.04831,981
14150,2025.01.24 13:45:00,1.04831,1.04898,1.04829,1.04862,971
14151,2025.01.24 14:00:00,1.04862,1.04862,1.04783,1.04798,1052
14152,2025.01.24 14:15:00,1.04798,1.04873,1.04797,1.04868,804
14153,2025.01.24 14:30:00,1.04868,1.04876,1.04816,1.04823,687
14154,2025.01.24 14:45:00,1.04823,1.04823,1.04735,1.04739,1278
14155,2025.01.24 15:00:00,1.04739,1.04798,1.04695,1.0473,1806
14156,2025.01.24 15:15:00,1.0473,1.04768,1.04663,1.04669,1715
14157,2025.01.24 15:30:00,1.04668,1.04706,1.04638,1.04702,1397
14158,2025.01.24 15:45:00,1.04702,1.04732,1.04674,1.04688,1351
14159,2025.01.24 16:00:00,1.04688,1.04752,1.04673,1.04737,1515
14160,2025.01.24 16:15:00,1.04737,1.04776,1.04721,1.04752,1341
14161,2025.01.24 16:30:00,1.04752,1.0483,1.04725,1.04761,2279
14162,2025.01.24 16:45:00,1.04761,1.04943,1.04761,1.0491,3044
14163,2025.01.24 17:00:00,1.0491,1.05113,1.04892,1.05019,3167
14164,2025.01.24 17:15:00,1.05019,1.05088,1.04977,1.05022,2500
14165,2025.01.24 17:30:00,1.05022,1.05116,1.0501,1.051,2293
14166,2025.01.24 17:45:00,1.051,1.05207,1.05047,1.05163,2974
14167,2025.01.24 18:00:00,1.05163,1.05204,1.05119,1.05146,2422
14168,2025.01.24 18:15:00,1.05146,1.05152,1.05092,1.05137,1722
14169,2025.01.24 18:30:00,1.05137,1.05171,1.05117,1.05136,1205
14170,2025.01.24 18:45:00,1.05136,1.05171,1.05054,1.05145,1690
14171,2025.01.24 19:00:00,1.05145,1.05201,1.05126,1.05191,1355
14172,2025.01.24 19:15:00,1.05191,1.05215,1.05127,1.0513,1113
14173,2025.01.24 19:30:00,1.0513,1.05178,1.05123,1.05154,986
14174,2025.01.24 19:45:00,1.05155,1.05158,1.05101,1.05111,1101
14175,2025.01.24 20:00:00,1.05111,1.05121,1.05061,1.0509,1001
14176,2025.01.24 20:15:00,1.0509,1.05093,1.05019,1.0503,875
14177,2025.01.24 20:30:00,1.0503,1.05044,1.0498,1.04982,640
14178,2025.01.24 20:45:00,1.04981,1.04986,1.04941,1.04952,788
14179,2025.01.24 21:00:00,1.04952,1.04959,1.04922,1.04949,699
14180,2025.01.24 21:15:00,1.04949,1.04954,1.04937,1.0495,604
14181,2025.01.24 21:30:00,1.04951,1.04987,1.0495,1.04965,672
14182,2025.01.24 21:45:00,1.04965,1.04972,1.0492,1.04953,715
14183,2025.01.24 22:00:00,1.04952,1.04952,1.04904,1.04941,737
14184,2025.01.24 22:15:00,1.04941,1.04963,1.04924,1.04938,566
14185,2025.01.24 22:30:00,1.04938,1.04941,1.04882,1.04907,522
14186,2025.01.24 22:45:00,1.04905,1.04952,1.04891,1.04946,646
14187,2025.01.24 23:00:00,1.04946,1.04973,1.04943,1.04967,316
14188,2025.01.24 23:15:00,1.04968,1.0497,1.04937,1.04945,240
14189,2025.01.24 23:30:00,1.04946,1.04961,1.04933,1.04959,254
14190,2025.01.24 23:45:00,1.04958,1.04963,1.04909,1.04923,534
14191,2025.01.27 00:00:00,1.04757,1.04774,1.04754,1.04772,42
14192,2025.01.27 00:15:00,1.04778,1.04818,1.04767,1.04816,51
14193,2025.01.27 00:30:00,1.04816,1.04834,1.04814,1.04821,129
14194,2025.01.27 00:45:00,1.04821,1.04825,1.04816,1.0482,101
14195,2025.01.27 01:00:00,1.04818,1.04846,1.04747,1.04758,755
14196,2025.01.27 01:15:00,1.04758,1.04769,1.04707,1.04726,702
14197,2025.01.27 01:30:00,1.04726,1.04734,1.04688,1.04724,552
14198,2025.01.27 01:45:00,1.04724,1.04724,1.04653,1.04676,558
14199,2025.01.27 02:00:00,1.04676,1.04688,1.04655,1.04674,762
14200,2025.01.27 02:15:00,1.04674,1.04747,1.04668,1.04741,752
14201,2025.01.27 02:30:00,1.04741,1.0476,1.04709,1.04725,726
14202,2025.01.27 02:45:00,1.04725,1.04756,1.04715,1.04727,832
14203,2025.01.27 03:00:00,1.04727,1.04787,1.04724,1.04775,1065
14204,2025.01.27 03:15:00,1.04775,1.04781,1.04719,1.04722,1040
14205,2025.01.27 03:30:00,1.04722,1.04725,1.04624,1.04653,1277
14206,2025.01.27 03:45:00,1.04653,1.04667,1.04615,1.0463,1259
14207,2025.01.27 04:00:00,1.0463,1.04655,1.04604,1.04613,867
14208,2025.01.27 04:15:00,1.04613,1.04637,1.046,1.04625,758
14209,2025.01.27 04:30:00,1.04625,1.04635,1.04592,1.04633,692
14210,2025.01.27 04:45:00,1.04633,1.04665,1.04619,1.04659,634
14211,2025.01.27 05:00:00,1.04659,1.04716,1.04635,1.04715,832
14212,2025.01.27 05:15:00,1.04715,1.04777,1.04684,1.04705,1270
14213,2025.01.27 05:30:00,1.04705,1.04721,1.04664,1.04676,698
14214,2025.01.27 05:45:00,1.04676,1.04697,1.0464,1.04684,657
14215,2025.01.27 06:00:00,1.04684,1.04691,1.04664,1.04665,519
14216,2025.01.27 06:15:00,1.04665,1.04674,1.04631,1.04635,607
14217,2025.01.27 06:30:00,1.04635,1.04639,1.04599,1.04638,680
14218,2025.01.27 06:45:00,1.04638,1.04657,1.04634,1.04636,521
14219,2025.01.27 07:00:00,1.04636,1.04636,1.04565,1.04575,621
14220,2025.01.27 07:15:00,1.04574,1.04596,1.04561,1.04589,640
14221,2025.01.27 07:30:00,1.04589,1.04612,1.04581,1.04605,606
14222,2025.01.27 07:45:00,1.04605,1.04649,1.04605,1.0463,701
14223,2025.01.27 08:00:00,1.0463,1.04639,1.04588,1.0462,891
14224,2025.01.27 08:15:00,1.0462,1.04653,1.04602,1.04638,815
14225,2025.01.27 08:30:00,1.04638,1.0464,1.04589,1.0459,663
14226,2025.01.27 08:45:00,1.0459,1.04609,1.04572,1.04594,770
14227,2025.01.27 09:00:00,1.04594,1.04625,1.04541,1.04566,1393
14228,2025.01.27 09:15:00,1.04566,1.04638,1.04547,1.04617,1549
14229,2025.01.27 09:30:00,1.04617,1.04711,1.04603,1.04705,1373
14230,2025.01.27 09:45:00,1.04705,1.04709,1.04563,1.04573,1758
14231,2025.01.27 10:00:00,1.04573,1.04724,1.04545,1.04717,2404
14232,2025.01.27 10:15:00,1.04717,1.04777,1.04691,1.0473,2257
14233,2025.01.27 10:30:00,1.0473,1.04791,1.04714,1.04786,1867
14234,2025.01.27 10:45:00,1.04786,1.04888,1.04779,1.04876,1989
14235,2025.01.27 11:00:00,1.04876,1.04929,1.04801,1.04919,2913
14236,2025.01.27 11:15:00,1.04919,1.04939,1.0478,1.04826,2566
14237,2025.01.27 11:30:00,1.04826,1.04847,1.04752,1.04839,1954
14238,2025.01.27 11:45:00,1.0484,1.04897,1.04799,1.04887,1889
14239,2025.01.27 12:00:00,1.04887,1.05022,1.04887,1.04939,2584
14240,2025.01.27 12:15:00,1.04939,1.0499,1.04916,1.04964,2375
14241,2025.01.27 12:30:00,1.04964,1.05048,1.04962,1.05048,2090
14242,2025.01.27 12:45:00,1.05048,1.05092,1.05013,1.05056,2187
14243,2025.01.27 13:00:00,1.05056,1.05175,1.05045,1.05141,2140
14244,2025.01.27 13:15:00,1.05141,1.05151,1.05081,1.05136,2151
14245,2025.01.27 13:30:00,1.05136,1.05182,1.05101,1.05116,1968
14246,2025.01.27 13:45:00,1.05116,1.05149,1.05091,1.0513,1755
14247,2025.01.27 14:00:00,1.0513,1.05182,1.05098,1.05107,1783
14248,2025.01.27 14:15:00,1.05107,1.05151,1.05091,1.05146,1781
14249,2025.01.27 14:30:00,1.05146,1.0519,1.05125,1.05159,1749
14250,2025.01.27 14:45:00,1.05159,1.05281,1.0513,1.05215,2012
14251,2025.01.27 15:00:00,1.05215,1.05332,1.05174,1.05229,2594
14252,2025.01.27 15:15:00,1.05229,1.05231,1.05099,1.05136,2375
14253,2025.01.27 15:30:00,1.05136,1.05248,1.05113,1.05217,2318
14254,2025.01.27 15:45:00,1.05217,1.05289,1.0519,1.05199,2214
14255,2025.01.27 16:00:00,1.05199,1.05244,1.05165,1.05186,2365
14256,2025.01.27 16:15:00,1.05186,1.05235,1.05144,1.05166,2221
14257,2025.01.27 16:30:00,1.05166,1.05194,1.051,1.05104,2688
14258,2025.01.27 16:45:00,1.05104,1.05179,1.0508,1.05094,2286
14259,2025.01.27 17:00:00,1.05094,1.05098,1.05031,1.05056,2040
14260,2025.01.27 17:15:00,1.05056,1.051,1.05031,1.05031,2250
14261,2025.01.27 17:30:00,1.05031,1.05039,1.04941,1.04956,2289
14262,2025.01.27 17:45:00,1.04956,1.05004,1.04953,1.04991,2226
14263,2025.01.27 18:00:00,1.04991,1.05071,1.04975,1.05052,1926
14264,2025.01.27 18:15:00,1.05052,1.05076,1.04999,1.0506,1822
14265,2025.01.27 18:30:00,1.0506,1.0506,1.04919,1.04932,1922
14266,2025.01.27 18:45:00,1.04932,1.04979,1.04893,1.0491,1641
14267,2025.01.27 19:00:00,1.0491,1.04914,1.0485,1.0486,1665
14268,2025.01.27 19:15:00,1.0486,1.04946,1.04852,1.04881,1392
14269,2025.01.27 19:30:00,1.04881,1.04897,1.04858,1.04878,1173
14270,2025.01.27 19:45:00,1.04878,1.04945,1.04874,1.04889,1397
14271,2025.01.27 20:00:00,1.04889,1.04942,1.04855,1.04896,1680
14272,2025.01.27 20:15:00,1.04896,1.04896,1.04845,1.04847,1287
14273,2025.01.27 20:30:00,1.04847,1.04865,1.0482,1.04859,1180
14274,2025.01.27 20:45:00,1.04859,1.04889,1.04838,1.0485,1111
14275,2025.01.27 21:00:00,1.0485,1.04853,1.04793,1.04813,1209
14276,2025.01.27 21:15:00,1.04813,1.04879,1.04807,1.04875,1171
14277,2025.01.27 21:30:00,1.04876,1.04914,1.04854,1.0491,1046
14278,2025.01.27 21:45:00,1.0491,1.0493,1.04878,1.04925,1067
14279,2025.01.27 22:00:00,1.04927,1.04927,1.04883,1.0491,1081
14280,2025.01.27 22:15:00,1.0491,1.04918,1.04892,1.04912,847
14281,2025.01.27 22:30:00,1.04913,1.04943,1.0489,1.04937,847
14282,2025.01.27 22:45:00,1.04937,1.04939,1.04873,1.0488,1054
14283,2025.01.27 23:00:00,1.0488,1.04899,1.04859,1.04898,486
14284,2025.01.27 23:15:00,1.04898,1.04912,1.04892,1.04899,246
14285,2025.01.27 23:30:00,1.049,1.04908,1.04886,1.04906,181
14286,2025.01.27 23:45:00,1.04906,1.04922,1.04901,1.04918,241
14287,2025.01.28 00:00:00,1.04875,1.0492,1.0486,1.04919,40
14288,2025.01.28 00:15:00,1.04919,1.04921,1.04913,1.0492,30
14289,2025.01.28 00:30:00,1.0492,1.04926,1.04911,1.04918,89
14290,2025.01.28 00:45:00,1.04918,1.0492,1.04863,1.04883,94
14291,2025.01.28 01:00:00,1.04875,1.04879,1.04716,1.04736,808
14292,2025.01.28 01:15:00,1.04736,1.04736,1.04407,1.04457,2275
14293,2025.01.28 01:30:00,1.04457,1.04534,1.0428,1.04408,2496
14294,2025.01.28 01:45:00,1.04408,1.04509,1.04346,1.04372,1927
14295,2025.01.28 02:00:00,1.04372,1.04476,1.04356,1.04441,1944
14296,2025.01.28 02:15:00,1.04441,1.04505,1.04327,1.04444,1893
14297,2025.01.28 02:30:00,1.04444,1.04508,1.04436,1.04489,1302
14298,2025.01.28 02:45:00,1.04489,1.04518,1.04438,1.04455,1059
14299,2025.01.28 03:00:00,1.04455,1.04525,1.04419,1.04523,1091
14300,2025.01.28 03:15:00,1.04523,1.04555,1.04518,1.04549,947
14301,2025.01.28 03:30:00,1.04549,1.04567,1.04474,1.04488,1044
14302,2025.01.28 03:45:00,1.04488,1.0452,1.04302,1.0438,1342
14303,2025.01.28 04:00:00,1.0438,1.04418,1.0425,1.04299,2284
14304,2025.01.28 04:15:00,1.04299,1.04383,1.04286,1.04364,1094
14305,2025.01.28 04:30:00,1.04364,1.04385,1.04325,1.04333,815
14306,2025.01.28 04:45:00,1.04332,1.04373,1.04291,1.04337,807
14307,2025.01.28 05:00:00,1.04337,1.04374,1.04316,1.0436,755
14308,2025.01.28 05:15:00,1.0436,1.0438,1.04324,1.04374,731
14309,2025.01.28 05:30:00,1.04374,1.04395,1.0433,1.04345,688
14310,2025.01.28 05:45:00,1.04345,1.04354,1.04294,1.04294,660
14311,2025.01.28 06:00:00,1.04294,1.04327,1.04293,1.04313,624
14312,2025.01.28 06:15:00,1.04313,1.0433,1.04283,1.04284,435
14313,2025.01.28 06:30:00,1.04284,1.04292,1.04258,1.0429,491
14314,2025.01.28 06:45:00,1.0429,1.04346,1.04283,1.04337,548
14315,2025.01.28 07:00:00,1.04337,1.04367,1.04334,1.04365,480
14316,2025.01.28 07:15:00,1.04365,1.04381,1.04349,1.04379,356
14317,2025.01.28 07:30:00,1.04379,1.0439,1.04368,1.04375,316
14318,2025.01.28 07:45:00,1.04375,1.04386,1.04363,1.04366,428
14319,2025.01.28 08:00:00,1.04366,1.04432,1.04363,1.04423,739
14320,2025.01.28 08:15:00,1.04423,1.04437,1.04407,1.04425,466
14321,2025.01.28 08:30:00,1.04425,1.04442,1.04378,1.04382,497
14322,2025.01.28 08:45:00,1.04382,1.04396,1.04339,1.04377,683
14323,2025.01.28 09:00:00,1.04377,1.04431,1.04334,1.04401,1441
14324,2025.01.28 09:15:00,1.04401,1.04419,1.04363,1.04414,1571
14325,2025.01.28 09:30:00,1.04414,1.04419,1.04283,1.04317,1505
14326,2025.01.28 09:45:00,1.04317,1.04364,1.04291,1.04341,1537
14327,2025.01.28 10:00:00,1.04341,1.04358,1.04281,1.04307,2316
14328,2025.01.28 10:15:00,1.04307,1.04344,1.04284,1.04284,1878
14329,2025.01.28 10:30:00,1.04284,1.04349,1.0425,1.04331,1937
14330,2025.01.28 10:45:00,1.04331,1.04331,1.04195,1.04254,1893
14331,2025.01.28 11:00:00,1.04254,1.0433,1.04227,1.04328,1850
14332,2025.01.28 11:15:00,1.04328,1.04423,1.04321,1.04416,1755
14333,2025.01.28 11:30:00,1.04416,1.04443,1.04399,1.04407,1635
14334,2025.01.28 11:45:00,1.04407,1.04416,1.04323,1.04353,1649
14335,2025.01.28 12:00:00,1.04353,1.04372,1.04318,1.04343,1308
14336,2025.01.28 12:15:00,1.04343,1.0437,1.04297,1.04318,1178
14337,2025.01.28 12:30:00,1.04318,1.04359,1.04304,1.04343,930
14338,2025.01.28 12:45:00,1.04344,1.04344,1.04249,1.0425,1330
14339,2025.01.28 13:00:00,1.0425,1.04327,1.04242,1.04322,1057
14340,2025.01.28 13:15:00,1.04322,1.04323,1.04273,1.0428,831
14341,2025.01.28 13:30:00,1.0428,1.04297,1.04235,1.04258,901
14342,2025.01.28 13:45:00,1.04258,1.04279,1.04228,1.04236,1219
14343,2025.01.28 14:00:00,1.04236,1.04246,1.0414,1.04192,1895
14344,2025.01.28 14:15:00,1.04192,1.04211,1.04146,1.04203,1141
14345,2025.01.28 14:30:00,1.04203,1.0423,1.04176,1.04227,1051
14346,2025.01.28 14:45:00,1.04227,1.04256,1.04173,1.04204,1352
14347,2025.01.28 15:00:00,1.04204,1.04241,1.04174,1.04232,1425
14348,2025.01.28 15:15:00,1.04232,1.04283,1.0423,1.04253,1529
14349,2025.01.28 15:30:00,1.04253,1.04313,1.04242,1.04294,1907
14350,2025.01.28 15:45:00,1.04294,1.04303,1.0421,1.04249,1536
14351,2025.01.28 16:00:00,1.04249,1.043,1.04242,1.04292,1690
14352,2025.01.28 16:15:00,1.04292,1.04347,1.04284,1.04322,1384
14353,2025.01.28 16:30:00,1.04322,1.04409,1.04311,1.04329,1986
14354,2025.01.28 16:45:00,1.04329,1.04343,1.04283,1.04316,2061
14355,2025.01.28 17:00:00,1.04316,1.04383,1.04312,1.04373,2043
14356,2025.01.28 17:15:00,1.04373,1.04378,1.04327,1.04373,1806
14357,2025.01.28 17:30:00,1.04373,1.04396,1.04308,1.04313,1661
14358,2025.01.28 17:45:00,1.04312,1.04324,1.04213,1.04244,2051
14359,2025.01.28 18:00:00,1.04244,1.04329,1.0424,1.04288,1921
14360,2025.01.28 18:15:00,1.04288,1.04307,1.04261,1.04274,1616
14361,2025.01.28 18:30:00,1.04274,1.04307,1.04227,1.04242,1757
14362,2025.01.28 18:45:00,1.04242,1.04271,1.04227,1.04263,1557
14363,2025.01.28 19:00:00,1.04263,1.04288,1.04248,1.04268,1166
14364,2025.01.28 19:15:00,1.04268,1.04297,1.04254,1.04274,948
14365,2025.01.28 19:30:00,1.04274,1.04347,1.04259,1.04309,883
14366,2025.01.28 19:45:00,1.04309,1.04323,1.04271,1.04283,881
14367,2025.01.28 20:00:00,1.04283,1.04302,1.04268,1.04289,1154
14368,2025.01.28 20:15:00,1.04288,1.04362,1.04287,1.04348,827
14369,2025.01.28 20:30:00,1.04348,1.04382,1.04254,1.04256,1498
14370,2025.01.28 20:45:00,1.04256,1.04281,1.04235,1.04266,1269
14371,2025.01.28 21:00:00,1.04266,1.04292,1.04236,1.0424,1015
14372,2025.01.28 21:15:00,1.0424,1.04276,1.04227,1.04272,724
14373,2025.01.28 21:30:00,1.04272,1.04326,1.04268,1.04323,718
14374,2025.01.28 21:45:00,1.04323,1.04367,1.04322,1.04351,861
14375,2025.01.28 22:00:00,1.04351,1.04351,1.04295,1.04327,853
14376,2025.01.28 22:15:00,1.04327,1.04355,1.0432,1.04333,720
14377,2025.01.28 22:30:00,1.04332,1.04341,1.04311,1.04322,620
14378,2025.01.28 22:45:00,1.04321,1.04336,1.04301,1.04316,764
14379,2025.01.28 23:00:00,1.04316,1.04338,1.04306,1.04331,325
14380,2025.01.28 23:15:00,1.04331,1.04341,1.04303,1.04306,287
14381,2025.01.28 23:30:00,1.04305,1.04312,1.04301,1.04307,214
14382,2025.01.28 23:45:00,1.04307,1.04312,1.043,1.04301,285
14383,2025.01.29 00:00:00,1.04229,1.04283,1.04229,1.04271,187
14384,2025.01.29 00:15:00,1.04274,1.0428,1.04256,1.04277,164
14385,2025.01.29 00:30:00,1.04277,1.04282,1.04273,1.0428,75
14386,2025.01.29 00:45:00,1.04279,1.04285,1.04264,1.04283,81
14387,2025.01.29 01:00:00,1.04279,1.04297,1.04265,1.04272,192
14388,2025.01.29 01:15:00,1.04272,1.043,1.04272,1.04298,165
14389,2025.01.29 01:30:00,1.04298,1.04302,1.04278,1.04281,243
14390,2025.01.29 01:45:00,1.04281,1.04298,1.04272,1.04274,255
14391,2025.01.29 02:00:00,1.04274,1.04342,1.04271,1.04336,478
14392,2025.01.29 02:15:00,1.04337,1.04345,1.04312,1.0432,368
14393,2025.01.29 02:30:00,1.0432,1.04329,1.0429,1.04323,915
14394,2025.01.29 02:45:00,1.04323,1.04335,1.04289,1.04306,789
14395,2025.01.29 03:00:00,1.04306,1.04323,1.04298,1.04316,677
14396,2025.01.29 03:15:00,1.04316,1.04342,1.043,1.04326,527
14397,2025.01.29 03:30:00,1.04326,1.04338,1.04297,1.04309,466
14398,2025.01.29 03:45:00,1.04309,1.04316,1.04274,1.04274,664
14399,2025.01.29 04:00:00,1.04274,1.04325,1.0426,1.04317,582
14400,2025.01.29 04:15:00,1.04317,1.04322,1.04292,1.04302,466
14401,2025.01.29 04:30:00,1.04302,1.04343,1.04294,1.04319,365
14402,2025.01.29 04:45:00,1.04319,1.04356,1.04314,1.04338,545
14403,2025.01.29 05:00:00,1.04338,1.04354,1.04327,1.0435,586
14404,2025.01.29 05:15:00,1.0435,1.04365,1.04314,1.0436,514
14405,2025.01.29 05:30:00,1.0436,1.04374,1.04342,1.04368,597
14406,2025.01.29 05:45:00,1.04369,1.04391,1.04365,1.04376,574
14407,2025.01.29 06:00:00,1.04376,1.0442,1.04376,1.0441,509
14408,2025.01.29 06:15:00,1.04411,1.04426,1.04391,1.04401,439
14409,2025.01.29 06:30:00,1.04401,1.04413,1.04377,1.04383,417
14410,2025.01.29 06:45:00,1.04382,1.04401,1.04378,1.04387,344
14411,2025.01.29 07:00:00,1.04387,1.04397,1.04373,1.04393,402
14412,2025.01.29 07:15:00,1.04393,1.04409,1.04384,1.04396,389
14413,2025.01.29 07:30:00,1.04396,1.04396,1.0436,1.04361,483
14414,2025.01.29 07:45:00,1.04361,1.04404,1.04357,1.04402,638
14415,2025.01.29 08:00:00,1.04402,1.04435,1.04387,1.0441,1242
14416,2025.01.29 08:15:00,1.0441,1.04429,1.044,1.04414,634
14417,2025.01.29 08:30:00,1.04414,1.04436,1.04401,1.04425,677
14418,2025.01.29 08:45:00,1.04426,1.04426,1.04367,1.04375,732
14419,2025.01.29 09:00:00,1.04375,1.0438,1.04328,1.04342,1137
14420,2025.01.29 09:15:00,1.04342,1.04353,1.04184,1.04218,1313
14421,2025.01.29 09:30:00,1.04218,1.04232,1.04186,1.04187,1120
14422,2025.01.29 09:45:00,1.04186,1.04215,1.04133,1.04161,1341
14423,2025.01.29 10:00:00,1.04161,1.04267,1.04161,1.0424,1798
14424,2025.01.29 10:15:00,1.0424,1.04296,1.04229,1.04255,1461
14425,2025.01.29 10:30:00,1.04255,1.04305,1.04248,1.04276,1284
14426,2025.01.29 10:45:00,1.04275,1.04293,1.04223,1.04244,1172
14427,2025.01.29 11:00:00,1.04244,1.04249,1.04092,1.04132,1755
14428,2025.01.29 11:15:00,1.04132,1.04154,1.04106,1.0414,1142
14429,2025.01.29 11:30:00,1.0414,1.04186,1.04112,1.04142,1502
14430,2025.01.29 11:45:00,1.04142,1.04147,1.04023,1.0404,1630
14431,2025.01.29 12:00:00,1.0404,1.0406,1.03968,1.03988,1586
14432,2025.01.29 12:15:00,1.03988,1.04046,1.0395,1.04043,1360
14433,2025.01.29 12:30:00,1.04043,1.04084,1.03999,1.04018,1201
14434,2025.01.29 12:45:00,1.04018,1.04049,1.03984,1.04036,1295
14435,2025.01.29 13:00:00,1.04036,1.04075,1.04017,1.04074,1023
14436,2025.01.29 13:15:00,1.04074,1.04075,1.04029,1.04058,932
14437,2025.01.29 13:30:00,1.04058,1.04082,1.03993,1.04001,1186
14438,2025.01.29 13:45:00,1.04001,1.04024,1.03971,1.04016,1193
14439,2025.01.29 14:00:00,1.04016,1.04042,1.03983,1.03988,1057
14440,2025.01.29 14:15:00,1.03988,1.04002,1.03937,1.03956,1508
14441,2025.01.29 14:30:00,1.03956,1.04036,1.03951,1.04027,1343
14442,2025.01.29 14:45:00,1.04027,1.04048,1.03995,1.0404,1293
14443,2025.01.29 15:00:00,1.0404,1.04057,1.03884,1.03922,1795
14444,2025.01.29 15:15:00,1.03922,1.03923,1.03825,1.03877,2288
14445,2025.01.29 15:30:00,1.03877,1.03929,1.03833,1.03891,1830
14446,2025.01.29 15:45:00,1.03891,1.03904,1.03825,1.03878,1676
14447,2025.01.29 16:00:00,1.03878,1.03973,1.03863,1.03964,1454
14448,2025.01.29 16:15:00,1.03964,1.03992,1.03954,1.03967,1393
14449,2025.01.29 16:30:00,1.03967,1.03997,1.03923,1.0397,1743
14450,2025.01.29 16:45:00,1.0397,1.04016,1.03938,1.04012,2138
14451,2025.01.29 17:00:00,1.04012,1.04067,1.03948,1.04057,1921
14452,2025.01.29 17:15:00,1.04057,1.04115,1.04055,1.04068,1987
14453,2025.01.29 17:30:00,1.04068,1.04269,1.04068,1.04253,2386
14454,2025.01.29 17:45:00,1.04253,1.04271,1.04173,1.04194,2780
14455,2025.01.29 18:00:00,1.04194,1.0424,1.04117,1.04174,2695
14456,2025.01.29 18:15:00,1.04174,1.04201,1.04145,1.04175,1746
14457,2025.01.29 18:30:00,1.04175,1.04221,1.04159,1.04163,1561
14458,2025.01.29 18:45:00,1.04163,1.04197,1.04139,1.04158,1689
14459,2025.01.29 19:00:00,1.04158,1.04267,1.04155,1.04257,2115
14460,2025.01.29 19:15:00,1.04257,1.04284,1.04208,1.04229,1735
14461,2025.01.29 19:30:00,1.04229,1.04243,1.04166,1.0422,1173
14462,2025.01.29 19:45:00,1.0422,1.04235,1.04199,1.04215,992
14463,2025.01.29 20:00:00,1.04215,1.04233,1.04149,1.0423,1603
14464,2025.01.29 20:15:00,1.04231,1.04245,1.04204,1.04231,839
14465,2025.01.29 20:30:00,1.04231,1.04244,1.04203,1.04219,726
